feature,relief_m,pad_m,area_m2,volume_m3,edge_contact
North spoil dump,0.5,0.0,239686.0,2919928.184590647,0.07444818555929666
North spoil dump,0.5,2.0,252399.0,3132785.1587151773,0.20294468762435336
North spoil dump,0.5,4.0,265495.0,3274887.202338636,0.4913973982375157
North spoil dump,0.5,6.0,271723.0,3308409.147233553,0.5912133891213389
North spoil dump,0.75,0.0,214116.0,2515671.9369778316,0.005931198102016607
North spoil dump,0.75,2.0,231647.0,2818298.7441238416,0.07106598984771574
North spoil dump,0.75,4.0,251391.0,3117418.981924209,0.2592440427280197
North spoil dump,0.75,6.0,261629.0,3231319.90373757,0.49111675126903553
North spoil dump,1.0,0.0,189828.0,2165921.0500253993,0.0038071065989847717
North spoil dump,1.0,2.0,208972.0,2447473.548886529,0.00830367734282325
North spoil dump,1.0,4.0,235561.0,2894738.014596506,0.1451012815212898
North spoil dump,1.0,6.0,249514.0,3083233.9491108963,0.29370045890696705
North spoil dump,1.25,0.0,166234.0,1854579.2823442116,0.002226179875333927
North spoil dump,1.25,2.0,186896.0,2127332.266374791,0.0051129100979974435
North spoil dump,1.25,4.0,216983.0,2590109.7783033475,0.055944055944055944
North spoil dump,1.25,6.0,236811.0,2909744.317366462,0.19222554463904315
North spoil dump,1.5,0.0,145181.0,1560957.5710202965,0.0
North spoil dump,1.5,2.0,164899.0,1834569.767064203,0.004492362982929021
North spoil dump,1.5,4.0,196672.0,2285370.772932551,0.01580660158066016
North spoil dump,1.5,6.0,220241.0,2664330.824128468,0.10892857142857143
NE ridge fill,0.5,0.0,109054.0,1272268.4534566628,0.09125893347993402
NE ridge fill,0.5,2.0,117768.0,1373591.6333976018,0.10628247520075579
NE ridge fill,0.5,4.0,131124.0,1422350.3650522986,0.15877930119416186
NE ridge fill,0.5,6.0,138718.0,1450823.6670488992,0.20305010893246186
NE ridge fill,0.75,0.0,99417.0,1102777.2289176877,0.0029533372711163615
NE ridge fill,0.75,2.0,109096.0,1285862.0289668138,0.10890527509926262
NE ridge fill,0.75,4.0,118835.0,1385739.083786565,0.12613092070250134
NE ridge fill,0.75,6.0,127945.0,1416182.1199478812,0.16395793499043976
NE ridge fill,1.0,0.0,89030.0,916903.7943349023,0.0
NE ridge fill,1.0,2.0,100611.0,1148257.3117515761,0.039116719242902206
NE ridge fill,1.0,4.0,113970.0,1364543.3319366928,0.12640949554896141
NE ridge fill,1.0,6.0,120391.0,1397989.2088396396,0.13939051918735892
NE ridge fill,1.25,0.0,80280.0,748079.494784428,0.0
NE ridge fill,1.25,2.0,91390.0,977044.2806135977,0.0
NE ridge fill,1.25,4.0,109266.0,1317254.7356369768,0.12237330037082818
NE ridge fill,1.25,6.0,116771.0,1383025.6191816113,0.13561320754716982
NE ridge fill,1.5,0.0,69837.0,588187.8620475703,0.0
NE ridge fill,1.5,2.0,82966.0,809745.852220765,0.0
NE ridge fill,1.5,4.0,101527.0,1203198.9002209343,0.09171195652173914
NE ridge fill,1.5,6.0,113363.0,1361772.8189218487,0.12804878048780488
West stockpile,0.5,0.0,90069.0,1033696.1209795625,0.1082437275985663
West stockpile,0.5,2.0,96263.0,1086282.5007147845,0.2345597897503285
West stockpile,0.5,4.0,102598.0,1121388.174740913,0.39481268011527376
West stockpile,0.5,6.0,105834.0,1128829.355518491,0.5400749063670413
West stockpile,0.75,0.0,81678.0,945833.2110736351,0.031906614785992216
West stockpile,0.75,2.0,89214.0,1027842.9421937661,0.1306122448979592
West stockpile,0.75,4.0,96319.0,1084195.0435108007,0.29596100278551535
West stockpile,0.75,6.0,101854.0,1110435.5132394126,0.4235905044510386
West stockpile,1.0,0.0,74285.0,821088.0027351192,0.032714412024756855
West stockpile,1.0,2.0,82064.0,961233.8360454133,0.0502092050209205
West stockpile,1.0,4.0,91383.0,1049891.251614345,0.2656023222060958
West stockpile,1.0,6.0,96516.0,1075780.9432898022,0.33101529902642557
West stockpile,1.25,0.0,66684.0,687929.901200928,0.022265246853823813
West stockpile,1.25,2.0,76107.0,866433.278546414,0.047872340425531915
West stockpile,1.25,4.0,86637.0,1013811.1527285022,0.14240755310778913
West stockpile,1.25,6.0,92501.0,1056699.84679325,0.3174721189591078
West stockpile,1.5,0.0,60097.0,564292.770553391,0.009164969450101833
West stockpile,1.5,2.0,68533.0,733187.099120538,0.045853658536585365
West stockpile,1.5,4.0,82100.0,961933.8033322612,0.10402097902097902
West stockpile,1.5,6.0,88225.0,1030785.7372491721,0.2328
South stockpile,0.5,0.0,110369.0,1402034.8110388862,0.13003300330033005
South stockpile,0.5,2.0,116632.0,1450552.923272611,0.2251931075460487
South stockpile,0.5,4.0,126761.0,1487939.6625204894,0.32317801672640384
South stockpile,0.5,6.0,134076.0,1519991.2324662642,0.4232902033271719
South stockpile,0.75,0.0,101606.0,1267322.209495788,0.05486111111111111
South stockpile,0.75,2.0,108333.0,1379378.5543302768,0.1733983286908078
South stockpile,0.75,4.0,115402.0,1432619.249762489,0.30495552731893266
South stockpile,0.75,6.0,119644.0,1453126.6567321138,0.375
South stockpile,1.0,0.0,93196.0,1121607.8350971607,0.02546816479400749
South stockpile,1.0,2.0,101650.0,1272595.5275058064,0.09725158562367865
South stockpile,1.0,4.0,109898.0,1396455.94488617,0.29411764705882354
South stockpile,1.0,6.0,114491.0,1425860.405778806,0.36180904522613067
South stockpile,1.25,0.0,87839.0,987235.9519922908,0.011380880121396054
South stockpile,1.25,2.0,95018.0,1160013.5586996994,0.05891238670694864
South stockpile,1.25,4.0,105619.0,1331420.3904348612,0.2113587347232207
South stockpile,1.25,6.0,110862.0,1400168.537477778,0.34487840825350036
South stockpile,1.5,0.0,81545.0,838150.1201490681,0.006042296072507553
South stockpile,1.5,2.0,90236.0,1048042.9518592327,0.0389908256880734
South stockpile,1.5,4.0,102832.0,1286958.415371146,0.16046681254558717
South stockpile,1.5,6.0,107728.0,1352587.9239620436,0.28613138686131384
